0.001 , 0.23868677717530568
0.0011 , 0.2423865587360537
0.0012000000000000001 , 0.2454293378648942
0.0013000000000000002 , 0.24880307382553957
0.0014000000000000002 , 0.2525527723293579
0.0015000000000000002 , 0.2574221925635663
0.0016000000000000003 , 0.2625212032250062
0.0017000000000000003 , 0.26534947770270617
0.0018000000000000004 , 0.2694170124014803
0.0019000000000000004 , 0.27361406312868813
0.0020000000000000005 , 0.27807900146233966
0.0021000000000000003 , 0.28310191907298726
0.0022000000000000006 , 0.2886978509597195
0.002300000000000001 , 0.29369374266158077
0.0024000000000000007 , 0.2992461478026901
0.0025000000000000005 , 0.30495821660963357
0.0026000000000000007 , 0.31300791409160134
0.002700000000000001 , 0.3191965727566536
0.002800000000000001 , 0.32456871097958323
0.0029000000000000007 , 0.3320403083070148
0.003000000000000001 , 0.3385259545962499
0.003100000000000001 , 0.34519188404757706
0.003200000000000001 , 0.3519534668313042
0.003300000000000001 , 0.35733192705429395
0.003400000000000001 , 0.3626568104419623
0.0035000000000000014 , 0.3689115277231864
0.003600000000000001 , 0.3746224663403707
0.003700000000000001 , 0.3822635039773677
0.0038000000000000013 , 0.38739136366064303
0.0039000000000000016 , 0.3906200972016804
0.004000000000000002 , 0.3980370272827059
0.004100000000000001 , 0.40367444404606645
0.0042000000000000015 , 0.40978946385026804
0.004300000000000002 , 0.41621574943339706
0.004400000000000001 , 0.4227554040600071
0.004500000000000001 , 0.43185467876658595
0.004600000000000002 , 0.4405635675486013
0.004700000000000002 , 0.4506550376780432
0.004800000000000002 , 0.45938714826046456
0.004900000000000002 , 0.46707230013260437
0.005000000000000002 , 0.47180848172186735
0.005100000000000002 , 0.4763359273562181
0.005200000000000002 , 0.48210395400854794
0.005300000000000002 , 0.49055612178302493
0.005400000000000002 , 0.4985048185526753
0.005500000000000002 , 0.5088138069142074
0.005600000000000002 , 0.5155293150770751
0.005700000000000002 , 0.5221867747178849
0.005800000000000002 , 0.5287834423906212
0.0059000000000000025 , 0.5353168110993685
0.006000000000000003 , 0.5404172041617009
0.006100000000000002 , 0.5452161471283241
0.006200000000000002 , 0.5499830487027472
0.006300000000000003 , 0.5539706261598328
0.006400000000000002 , 0.5580136194924663
0.006500000000000002 , 0.5635357618761413
0.0066000000000000026 , 0.5689948073702321
0.006700000000000003 , 0.5743902822896071
0.006800000000000003 , 0.5797218114338929
0.0069000000000000025 , 0.5849891115811603
0.007000000000000003 , 0.5891931068690768
0.007100000000000003 , 0.5931663808778777
0.007200000000000002 , 0.5983209597052043
0.007300000000000003 , 0.6049345571531038
0.007400000000000003 , 0.6098449093004378
0.007500000000000003 , 0.614178882060348
0.0076000000000000035 , 0.6185684411599561
0.007700000000000003 , 0.6233458846584676
0.007800000000000003 , 0.6290944028405038
0.007900000000000004 , 0.6339288906224516
0.008000000000000004 , 0.638552564054041
0.008100000000000003 , 0.643466711936705
0.008200000000000002 , 0.6485730947574109
0.008300000000000004 , 0.6530267522496
0.008400000000000005 , 0.6578600573737468
0.008500000000000004 , 0.662792903463108
0.008600000000000003 , 0.6667661246149528
0.008700000000000003 , 0.6710818931957255
0.008800000000000002 , 0.6744785880743697
0.008900000000000005 , 0.677764045670475
0.009000000000000005 , 0.6808193403803967
0.009100000000000004 , 0.6830664599870132
0.009200000000000003 , 0.6853061371738454
0.009300000000000003 , 0.6879326829721379
0.009400000000000006 , 0.6908627292528584
0.009500000000000005 , 0.6937681563294503
0.009600000000000004 , 0.6979744597176527
0.009700000000000004 , 0.7013989537699272
0.009800000000000003 , 0.7044317515619755
0.009900000000000003 , 0.7074341112274467
0.010000000000000005 , 0.7104060172788881
0.010100000000000005 , 0.7133474736263175
0.010200000000000004 , 0.7162585026113358
0.010300000000000004 , 0.7191391440702661
0.010400000000000003 , 0.7219894544263256
0.010500000000000006 , 0.7248095058107482
0.010600000000000005 , 0.7275993852127083
0.010700000000000005 , 0.7303591936578152
0.010800000000000004 , 0.7331463418433833
0.010900000000000003 , 0.7365687009414329
0.011000000000000006 , 0.7401450402957092
0.011100000000000006 , 0.7440119232814484
0.011200000000000005 , 0.7477991707022161
0.011300000000000004 , 0.7515087580690545
0.011400000000000004 , 0.7549007505231596
0.011500000000000003 , 0.7579168831987615
0.011600000000000006 , 0.7607704748745056
0.011700000000000006 , 0.763418272609886
0.011800000000000005 , 0.7658113490409797
0.011900000000000004 , 0.7679861057537674
0.012000000000000004 , 0.7701388664638446
0.012100000000000007 , 0.7722697349039768
0.012200000000000006 , 0.7743788211613093
0.012300000000000005 , 0.7765646573652161
0.012400000000000005 , 0.7790500859652484
0.012500000000000004 , 0.7814985128519284
0.012600000000000007 , 0.7839105854768138
0.012700000000000006 , 0.7861783763644082
0.012800000000000006 , 0.7885142110053991
0.012900000000000005 , 0.7910298868635492
0.013000000000000005 , 0.7935046896261214
0.013100000000000004 , 0.7959394132155152
0.013200000000000007 , 0.7983348349434285
0.013300000000000006 , 0.8006917158283581
0.013400000000000006 , 0.8030108009110182
0.013500000000000005 , 0.8052928195673027
0.013600000000000004 , 0.8073037314554175
0.013700000000000007 , 0.8092401096184408
0.013800000000000007 , 0.8111518216930972
0.013900000000000006 , 0.8130391838996087
0.014000000000000005 , 0.814902510565741
0.014100000000000005 , 0.8169630976185484
0.014200000000000008 , 0.8186903331252788
0.014300000000000007 , 0.8203833804842816
0.014400000000000007 , 0.8221216749277299
0.014500000000000006 , 0.8238694637518312
0.014600000000000005 , 0.8255950564406787
0.014700000000000005 , 0.8272987508555748
0.014800000000000008 , 0.828980842149122
0.014900000000000007 , 0.8306416226987912
0.015000000000000006 , 0.8322813820470615
0.015100000000000006 , 0.8339004068477798
0.015200000000000005 , 0.835498980818396
0.015300000000000008 , 0.8371373668162995
0.015400000000000007 , 0.8389059217192243
0.015500000000000007 , 0.8403371631212624
0.015600000000000006 , 0.8416943377554237
0.015700000000000006 , 0.843194807893837
0.01580000000000001 , 0.844676465829314
0.015900000000000008 , 0.8461395738161225
0.016000000000000007 , 0.8475843909655335
0.016100000000000007 , 0.8490111732379696
0.016200000000000006 , 0.850420173438375
0.016300000000000005 , 0.8518486037532448
0.01640000000000001 , 0.8534095774358449
0.016500000000000008 , 0.8549469377317384
0.016600000000000007 , 0.8564611429537036
0.016700000000000007 , 0.8579526406384358
0.01680000000000001 , 0.8594218678441214
0.01690000000000001 , 0.8608692514385065
0.017000000000000008 , 0.8622983560269606
0.017100000000000008 , 0.863820974258707
0.017200000000000007 , 0.8653189690811239
0.01730000000000001 , 0.8667928569845058
0.01740000000000001 , 0.8682431413347004
0.01750000000000001 , 0.869670312758613
0.017600000000000008 , 0.8710748495171197
0.017700000000000007 , 0.8724572178658224
0.01780000000000001 , 0.8738178724040757
0.01790000000000001 , 0.8751572564126914
0.01800000000000001 , 0.8764140786399152
0.01810000000000001 , 0.8775763604113094
0.018200000000000008 , 0.8787230231266369
0.018300000000000007 , 0.879854334554326
0.01840000000000001 , 0.88097055694127
0.01850000000000001 , 0.8820719471453565
0.01860000000000001 , 0.8831587567643583
0.01870000000000001 , 0.8842312322612969
0.018800000000000008 , 0.88528961508639
0.01890000000000001 , 0.8863341417956885
0.01900000000000001 , 0.8873650441665015
0.01910000000000001 , 0.8883825493097142
0.01920000000000001 , 0.8893868797790881
0.019300000000000008 , 0.8901646444251325
0.019400000000000008 , 0.8908975777163834
0.01950000000000001 , 0.8916240572285888
0.01960000000000001 , 0.8923441481080344
0.01970000000000001 , 0.8930579148601396
0.01980000000000001 , 0.8937654213522274
0.019900000000000008 , 0.8944667308164891
0.02000000000000001 , 0.8951771867116254
0.02010000000000001 , 0.8960672417845774
0.02020000000000001 , 0.8969465829085672
0.02030000000000001 , 0.8978153718362551
0.02040000000000001 , 0.8986737674768482
0.02050000000000001 , 0.8995219259508836
0.02060000000000001 , 0.9003600006439375
0.02070000000000001 , 0.9011881422592758
0.02080000000000001 , 0.9020064988694662
0.02090000000000001 , 0.9028152159669681
0.02100000000000001 , 0.9036144365137224
0.02110000000000001 , 0.9044043009897534
0.02120000000000001 , 0.9051849474408061
0.02130000000000001 , 0.9059565115250339
0.02140000000000001 , 0.9067191265587544
0.02150000000000001 , 0.9074729235612911
0.02160000000000001 , 0.908218031298918
0.02170000000000001 , 0.908969459248293
0.02180000000000001 , 0.9097332549967841
0.02190000000000001 , 0.9104877711455427
0.02200000000000001 , 0.9112331523336438
0.022100000000000012 , 0.9119695405037781
0.02220000000000001 , 0.9126970749594118
0.02230000000000001 , 0.913415892420629
0.02240000000000001 , 0.9141261270786909
0.02250000000000001 , 0.9148279106493395
0.02260000000000001 , 0.9155213724248769
0.022700000000000012 , 0.9162066393250465
0.02280000000000001 , 0.9168838359467516
0.02290000000000001 , 0.91755308461263
0.02300000000000001 , 0.9182145054185177
0.02310000000000001 , 0.9188682162798285
0.023200000000000012 , 0.9195143329768702
0.02330000000000001 , 0.9201529691991306
0.02340000000000001 , 0.9207842365885499
0.02350000000000001 , 0.9214082447818095
0.02360000000000001 , 0.9220251014516597
0.023700000000000013 , 0.9226349123473055
0.023800000000000012 , 0.9232377813338798
0.02390000000000001 , 0.9238338104310194
0.02400000000000001 , 0.9244230998505694
0.02410000000000001 , 0.9250057480334356
0.024200000000000013 , 0.9255818516856045
0.024300000000000013 , 0.9261515058133536
0.024400000000000012 , 0.9267148037576678
0.02450000000000001 , 0.927271837227884
0.02460000000000001 , 0.9278226963345793
0.02470000000000001 , 0.9283674696217263
0.024800000000000013 , 0.9289062440981256
0.024900000000000012 , 0.9294391052681396
0.025000000000000012 , 0.9299661371617403
0.02510000000000001 , 0.9304874223638884
0.02520000000000001 , 0.9310030420432617
0.025300000000000013 , 0.9315130759803448
0.025400000000000013 , 0.9320176025948985
0.025500000000000012 , 0.9325020436629214
0.02560000000000001 , 0.9329744520320356
0.02570000000000001 , 0.9334420957456299
0.02580000000000001 , 0.9339050362016239
0.025900000000000013 , 0.9343633338548752
0.026000000000000013 , 0.9348170482336111
0.026100000000000012 , 0.9352662379555511
0.02620000000000001 , 0.9357109607437251
0.02630000000000001 , 0.9361512734419914
0.026400000000000014 , 0.9365872320302623
0.026500000000000013 , 0.937018891639442
0.026600000000000013 , 0.9374463065660842
0.026700000000000012 , 0.937869530286771
0.02680000000000001 , 0.9382886154722236
0.026900000000000014 , 0.938703614001146
0.027000000000000014 , 0.9391145769738085
0.027100000000000013 , 0.9395215547253776
0.027200000000000012 , 0.9399245968389934
0.027300000000000012 , 0.940323752158604
0.027400000000000015 , 0.9407280199057788
0.027500000000000014 , 0.9411359147727878
0.027600000000000013 , 0.9415396906003026
0.027700000000000013 , 0.9419394015856641
0.027800000000000012 , 0.9423351010566197
0.02790000000000001 , 0.942726841487612
0.028000000000000014 , 0.9431146745157263
0.028100000000000014 , 0.9434986509562981
0.028200000000000013 , 0.9438788208181921
0.028300000000000013 , 0.9442552333187606
0.028400000000000012 , 0.9446279368984875
0.028500000000000015 , 0.9449969792353244
0.028600000000000014 , 0.9453624072587293
0.028700000000000014 , 0.9457242671634104
0.028800000000000013 , 0.9460826044227845
0.028900000000000012 , 0.9464374638021567
0.029000000000000012 , 0.9467888893716262
0.029100000000000015 , 0.9471369245187253
0.029200000000000014 , 0.9474816119607992
0.029300000000000014 , 0.9478229937571279
0.029400000000000013 , 0.9481611113208023
0.029500000000000012 , 0.9484960054303562
0.029600000000000015 , 0.9488277162411592
0.029700000000000015 , 0.9491562832965781
0.029800000000000014 , 0.9494817455389123
0.029900000000000013 , 0.9498023109512138
0.030000000000000013 , 0.9501135571399805
0.030100000000000016 , 0.9504219865141645
0.030200000000000015 , 0.9507276321035331
0.030300000000000014 , 0.9510305264684951
0.030400000000000014 , 0.951330701707831
0.030500000000000013 , 0.9516281894662811
0.030600000000000016 , 0.9519230209419933
0.030700000000000015 , 0.9522152268938341
0.030800000000000015 , 0.9525048376485656
0.030900000000000014 , 0.9527918831078905
0.031000000000000014 , 0.9530763927553694
0.031100000000000013 , 0.953358395663209
0.031200000000000016 , 0.9536379204989314
0.031300000000000015 , 0.9539149955319152
0.03140000000000001 , 0.9541896486398248
0.031500000000000014 , 0.954461907314918
0.03160000000000001 , 0.9547317986702407
0.03170000000000001 , 0.9549993494457115
0.031800000000000016 , 0.9552645860140935
0.03190000000000001 , 0.9555275343868604
0.032000000000000015 , 0.9557882202199572
0.03210000000000001 , 0.9560407382662295
0.03220000000000001 , 0.9562872810029452
0.032300000000000016 , 0.9565318269082923
0.03240000000000001 , 0.956774396674166
0.032500000000000015 , 0.9570150107368001
0.03260000000000002 , 0.9572536892803438
0.032700000000000014 , 0.957490452240387
0.03280000000000002 , 0.9577253193074317
0.03290000000000001 , 0.9579583099303093
0.033000000000000015 , 0.9581894433195496
0.03310000000000002 , 0.9584187384506946
0.033200000000000014 , 0.9586462140675662
0.03330000000000002 , 0.9588718886854827
0.03340000000000001 , 0.9590957805944268
0.033500000000000016 , 0.9593179078621656
0.03360000000000002 , 0.9595382883373258
0.033700000000000015 , 0.9597569396524179
0.03380000000000002 , 0.9599738792268209
0.03390000000000001 , 0.9601891242697166
0.034000000000000016 , 0.9604026917829838
0.03410000000000002 , 0.9606145985640461
0.034200000000000015 , 0.9608248612086783
0.03430000000000002 , 0.9610334961137715
0.034400000000000014 , 0.9612405194800548
0.03450000000000002 , 0.9614459473147774
0.03460000000000002 , 0.9616497954343491
0.034700000000000016 , 0.9618520794669451
0.03480000000000002 , 0.962052814855066
0.034900000000000014 , 0.9622520168580645
0.03500000000000002 , 0.9624497005546321
0.03510000000000001 , 0.9626458808452483
0.035200000000000016 , 0.962840572454595
0.03530000000000002 , 0.9630337899339335
0.035400000000000015 , 0.9632255476634464
0.03550000000000002 , 0.9634158598545447
0.035600000000000014 , 0.9636047405521405
0.035700000000000016 , 0.9637922036368872
0.03580000000000002 , 0.9639782628273839
0.035900000000000015 , 0.9641629316823488
0.03600000000000002 , 0.9643462236027612
0.036100000000000014 , 0.9645281518339697
0.03620000000000002 , 0.9647087294677704
0.03630000000000002 , 0.9648879694444547
0.036400000000000016 , 0.9650658845548258
0.03650000000000002 , 0.9652424874421871
0.036600000000000014 , 0.9654177906042986
0.03670000000000002 , 0.9655918063953082
0.03680000000000002 , 0.9657645470276509
0.036900000000000016 , 0.9659360245739232
0.03700000000000002 , 0.9661062509687278
0.037100000000000015 , 0.9662752380104918
0.03720000000000002 , 0.9664429973632593
0.03730000000000002 , 0.9666095405584574
0.03740000000000002 , 0.9667748789966342
0.03750000000000002 , 0.9669390239491754
0.037600000000000015 , 0.9671019865599926
0.03770000000000002 , 0.9672637778471881
0.037800000000000014 , 0.9674244087046961
0.03790000000000002 , 0.9675838899038994
0.03800000000000002 , 0.9677422320952223
0.038100000000000016 , 0.9678994458097007
0.03820000000000002 , 0.9680555414605311
0.038300000000000015 , 0.9682105293445938
0.03840000000000002 , 0.9683644196439573
0.03850000000000002 , 0.9685172224273587
0.038600000000000016 , 0.9686689476516651
0.03870000000000002 , 0.9688196051633109
0.038800000000000015 , 0.9689692046997179
0.03890000000000002 , 0.9691177558906917
0.03900000000000002 , 0.9692652682598011
0.03910000000000002 , 0.9694117512257346
0.03920000000000002 , 0.9695572141036412
0.039300000000000015 , 0.9697016661064477
0.03940000000000002 , 0.9698451163461616
0.03950000000000002 , 0.9699875738351517
0.03960000000000002 , 0.9701290474874132
0.03970000000000002 , 0.9702695461198131
0.039800000000000016 , 0.9704090784533184
0.03990000000000002 , 0.9705476531142075
0.04000000000000002 , 0.9706852786352638
0.04010000000000002 , 0.970821963456952
0.04020000000000002 , 0.9709577159285789
0.040300000000000016 , 0.9710925443094371
0.04040000000000002 , 0.9712264567699319
0.04050000000000002 , 0.9713594613926949
0.04060000000000002 , 0.9714915661736784
0.04070000000000002 , 0.9716227790232371
0.04080000000000002 , 0.9717531077671941
0.04090000000000002 , 0.9718825601478905
0.04100000000000002 , 0.972011143825222
0.04110000000000002 , 0.9721388663776614
0.04120000000000002 , 0.9722657353032643
0.04130000000000002 , 0.9723917580206634
0.04140000000000002 , 0.9725169418700478
0.041500000000000016 , 0.9726412941141287
0.04160000000000002 , 0.972764821939092
0.04170000000000002 , 0.9728875324555374
0.04180000000000002 , 0.9730094326994053
0.04190000000000002 , 0.9731305296328892
0.042000000000000016 , 0.9732508301453373
0.04210000000000002 , 0.9733703410541413
0.04220000000000002 , 0.9734890691056112
0.04230000000000002 , 0.9736070209758411
0.04240000000000002 , 0.9737242032715606
0.04250000000000002 , 0.9738406225309759
0.04260000000000002 , 0.9739562852245987
0.04270000000000002 , 0.9740711977560635
0.04280000000000002 , 0.9741853664629355
0.04290000000000002 , 0.974298797617505
0.04300000000000002 , 0.9744114974275729
0.04310000000000002 , 0.9745234720372251
0.04320000000000002 , 0.9746347275275953
0.04330000000000002 , 0.9747452699176186
0.04340000000000002 , 0.974855105164775
0.04350000000000002 , 0.9749642391658225
0.04360000000000002 , 0.9750726777575192
0.043700000000000024 , 0.9751804267173381
0.04380000000000002 , 0.9752874917641697
0.04390000000000002 , 0.9753938785590177
0.04400000000000002 , 0.9754995927056826
0.04410000000000002 , 0.975604639751438
0.04420000000000002 , 0.9757090251876985
0.04430000000000002 , 0.9758127544506757
0.04440000000000002 , 0.975915832922029
0.04450000000000002 , 0.9760182659295046
0.04460000000000002 , 0.9761200587475691
0.04470000000000002 , 0.9762212165980312
0.04480000000000002 , 0.9763217446506587
0.04490000000000002 , 0.9764216480237837
0.04500000000000002 , 0.9765209317849041
0.04510000000000002 , 0.9766196009512718
0.04520000000000002 , 0.9767176604904788
0.04530000000000002 , 0.9768151153210315
0.045400000000000024 , 0.9769119703129187
0.04550000000000002 , 0.9770082302881725
0.04560000000000002 , 0.9771039000214218
0.04570000000000002 , 0.977198984240438
0.04580000000000002 , 0.9772934876266739
0.045900000000000024 , 0.9773874148157957
0.04600000000000002 , 0.9774807703982078
0.04610000000000002 , 0.9775735589195707
0.04620000000000002 , 0.9776657848813124
0.04630000000000002 , 0.9777574527411339
0.046400000000000025 , 0.9778485669135054
0.04650000000000002 , 0.97793913177016
0.04660000000000002 , 0.9780291516405778
0.04670000000000002 , 0.9781186308124659
0.04680000000000002 , 0.9782075735322296
0.046900000000000025 , 0.978295984005441
0.04700000000000002 , 0.9783838663972992
0.047100000000000024 , 0.9784712248330848
0.04720000000000002 , 0.9785580633986087
0.04730000000000002 , 0.9786443861406563
0.047400000000000025 , 0.9787301970674248
0.04750000000000002 , 0.9788155001489547
0.047600000000000024 , 0.9789002993175562
0.04770000000000002 , 0.9789845984682319
0.04780000000000002 , 0.9790684014590902
0.04790000000000002 , 0.979151712111758
0.04800000000000002 , 0.979234534211784
0.048100000000000025 , 0.9793168715090401
0.04820000000000002 , 0.9793987277181159
0.048300000000000023 , 0.9794801065187092
0.04840000000000002 , 0.9795610115560107
0.04850000000000002 , 0.9796414464410844
0.048600000000000025 , 0.9797214147512436
0.04870000000000002 , 0.9798009200304213
0.048800000000000024 , 0.9798799657895362
0.04890000000000002 , 0.9799585555068545
0.04900000000000002 , 0.9800366926283475
0.049100000000000026 , 0.9801143805680432
0.04920000000000002 , 0.9801916227083758
0.049300000000000024 , 0.9802684224005277
0.04940000000000002 , 0.9803447829647715
0.04950000000000002 , 0.9804207076908036
0.049600000000000026 , 0.9804961998380758
0.04970000000000002 , 0.9805712626361235
0.049800000000000025 , 0.9806458992848874
0.04990000000000002 , 0.9807201129550337
0.050000000000000024 , 0.9807939067882684
0.050100000000000026 , 0.9808672838976497
0.05020000000000002 , 0.9809402473678941
0.050300000000000025 , 0.9810128002556818
0.05040000000000002 , 0.9810849455899553
0.050500000000000024 , 0.9811566863722168
0.05060000000000002 , 0.9812280255768199
0.05070000000000002 , 0.9812989661512597
0.050800000000000026 , 0.9813695110164578
0.05090000000000002 , 0.9814396630670444
0.051000000000000024 , 0.9815094251716384
0.05110000000000002 , 0.9815788001731209
0.05120000000000002 , 0.981647790888908
0.051300000000000026 , 0.9817164001112201
0.05140000000000002 , 0.9817846306073461
0.051500000000000025 , 0.9818524851199076
0.05160000000000002 , 0.9819199663671158
0.051700000000000024 , 0.9819870770430296
0.05180000000000003 , 0.9820538198178067
0.05190000000000002 , 0.9821201973379554
0.052000000000000025 , 0.98218621222658
0.05210000000000002 , 0.9822518670836256
0.052200000000000024 , 0.9823171644861186
0.05230000000000003 , 0.9823821069884058
0.05240000000000002 , 0.9824466971223887
0.052500000000000026 , 0.982510937397757
0.05260000000000002 , 0.9825748303022176
0.052700000000000025 , 0.9826383783017222
0.05280000000000003 , 0.982701583840692
0.05290000000000002 , 0.9827644493422385
0.053000000000000026 , 0.9828269772083836
0.05310000000000002 , 0.9828891698202755
0.053200000000000025 , 0.9829510295384031
0.05330000000000003 , 0.983012558702807
0.053400000000000024 , 0.9830737596332894
0.05350000000000003 , 0.9831346346296198
0.05360000000000002 , 0.9831951859717397
0.053700000000000025 , 0.983255415919964
0.05380000000000003 , 0.9833153267151805
0.053900000000000024 , 0.9833749205790473
0.05400000000000003 , 0.9834341997141873
0.05410000000000002 , 0.9834931663043808
0.054200000000000026 , 0.9835518225147555
0.05430000000000002 , 0.9836101704919754
0.054400000000000025 , 0.983668212364426
0.05450000000000003 , 0.9837259502423987
0.054600000000000024 , 0.9837833862182714
0.054700000000000026 , 0.9838405223666895
0.05480000000000002 , 0.9838973607447421
0.054900000000000025 , 0.9839539033921384
0.05500000000000003 , 0.9840101523313809
0.055100000000000024 , 0.9840661095679363
0.05520000000000003 , 0.9841217770904057
0.05530000000000002 , 0.9841771568706924
0.055400000000000026 , 0.9842322508641664
0.05550000000000003 , 0.9842870610098297
0.055600000000000024 , 0.9843415892304767
0.05570000000000003 , 0.9843958374328553
0.05580000000000002 , 0.9844498075078251
0.055900000000000026 , 0.9845035013305136
0.05600000000000003 , 0.9845569207604704
0.056100000000000025 , 0.9846100676418215
0.05620000000000003 , 0.984662943803419
0.056300000000000024 , 0.9847155510589921
0.056400000000000027 , 0.9847678912072941
0.05650000000000003 , 0.9848199660322482
0.056600000000000025 , 0.9848717773030929
0.05670000000000003 , 0.9849233267745252
0.056800000000000024 , 0.9849746161868401
0.05690000000000003 , 0.9850256472660727
0.05700000000000002 , 0.9850764217241349
0.057100000000000026 , 0.9851269412589526
0.05720000000000003 , 0.9851772075546007
0.057300000000000025 , 0.9852272222814366
0.05740000000000003 , 0.9852769870962325
0.05750000000000002 , 0.9853265036423067
0.057600000000000026 , 0.9853757735496516
0.05770000000000003 , 0.9854247984350627
0.057800000000000025 , 0.9854735799022644
0.05790000000000003 , 0.9855221195420348
0.058000000000000024 , 0.9855704189323304
0.05810000000000003 , 0.9856184796384073
0.05820000000000003 , 0.9856663032129424
0.058300000000000025 , 0.9857138911961539
0.05840000000000003 , 0.9857612451159179
0.058500000000000024 , 0.9858083664878874
0.05860000000000003 , 0.9858552568156065
0.05870000000000003 , 0.9859019175906262
0.058800000000000026 , 0.985948350292616
0.05890000000000003 , 0.9859945563894775
0.059000000000000025 , 0.9860405373374544
0.05910000000000003 , 0.9860862945812428
0.05920000000000003 , 0.9861318295540983
0.059300000000000026 , 0.9861771436779443
0.05940000000000003 , 0.9862222383634782
0.059500000000000025 , 0.986267115010276
0.05960000000000003 , 0.9863117750068957
0.05970000000000003 , 0.9863562197309804
0.05980000000000003 , 0.9864004505493609
0.05990000000000003 , 0.986444468818154
0.060000000000000026 , 0.986488275882864
0.06010000000000003 , 0.9865318730784801
0.06020000000000003 , 0.986575261729574
0.06030000000000003 , 0.9866184431503958
0.06040000000000003 , 0.9866614186449699
0.060500000000000026 , 0.9867041895071891
0.06060000000000003 , 0.9867467570209073
0.060700000000000025 , 0.9867891224600321
0.06080000000000003 , 0.9868312870886167
0.06090000000000003 , 0.9868732521609493
0.061000000000000026 , 0.9869150189216431
0.06110000000000003 , 0.9869565886057243
0.061200000000000025 , 0.9869979624387201
0.06130000000000003 , 0.9870391416367446
0.06140000000000003 , 0.9870802367324546
0.06150000000000003 , 0.987121184592584
0.06160000000000003 , 0.9871619397194131
0.061700000000000026 , 0.9872025033102374
0.06180000000000003 , 0.9872428765531519
0.06190000000000003 , 0.9872830606271344
0.06200000000000003 , 0.9873230567021297
0.06210000000000003 , 0.9873628659391309
0.062200000000000026 , 0.9874024894902611
0.06230000000000003 , 0.9874419284988536
0.06240000000000003 , 0.9874811840995313
0.06250000000000003 , 0.9875202574182866
0.06260000000000003 , 0.9875591495725582
0.06270000000000002 , 0.9875978616713083
0.06280000000000002 , 0.9876363948150996
0.06290000000000003 , 0.9876747500961708
0.06300000000000003 , 0.9877129285985105
0.06310000000000003 , 0.9877509313979325
0.06320000000000002 , 0.9877887595621472
0.06330000000000002 , 0.9878264141508365
0.06340000000000003 , 0.9878638962157236
0.06350000000000003 , 0.987901206800644
0.06360000000000003 , 0.9879383469416175
0.06370000000000003 , 0.9879753176669158
0.06380000000000002 , 0.9880121199971323
0.06390000000000003 , 0.98804875494525
0.06400000000000003 , 0.9880852235167089
0.06410000000000003 , 0.9881215267094726
0.06420000000000003 , 0.9881576655140948
0.06430000000000002 , 0.9881936409137837
0.06440000000000003 , 0.9882294538844685
0.06450000000000003 , 0.9882651053948608
0.06460000000000003 , 0.9883005964065209
0.06470000000000004 , 0.9883359278739181
0.06480000000000002 , 0.9883711007444944
0.06490000000000003 , 0.9884061159587254
0.06500000000000003 , 0.9884409744501809
0.06510000000000003 , 0.9884756771455857
0.06520000000000004 , 0.9885102249648788
0.06530000000000002 , 0.9885446188212733
0.06540000000000003 , 0.988578859621313
0.06550000000000003 , 0.9886129482649327
0.06560000000000003 , 0.9886468856455135
0.06570000000000004 , 0.9886806726499405
0.06580000000000003 , 0.9887143101586586
0.06590000000000003 , 0.9887477990457283
0.06600000000000003 , 0.9887811401788807
0.06610000000000003 , 0.9888143344195716
0.06620000000000004 , 0.9888473826230356
0.06630000000000003 , 0.9888802856383406
0.06640000000000003 , 0.9889130443084387
0.06650000000000003 , 0.98894565947022
0.06660000000000003 , 0.988978131954564
0.06670000000000004 , 0.9890104625863906
0.06680000000000003 , 0.9890426521847118
0.06690000000000003 , 0.9890747015626808
0.06700000000000003 , 0.9891066115276432
0.06710000000000003 , 0.9891383828811849
0.06720000000000004 , 0.9891700164191827
0.06730000000000003 , 0.9892015129318498
0.06740000000000003 , 0.9892328732037874
0.06750000000000003 , 0.989264098014029
0.06760000000000004 , 0.9892951881360894
0.06770000000000004 , 0.9893261443380098
0.06780000000000003 , 0.9893569673824046
0.06790000000000003 , 0.9893876580265071
0.06800000000000003 , 0.9894182170222143
0.06810000000000004 , 0.9894486451161314
0.06820000000000004 , 0.9894789430496171
0.06830000000000003 , 0.9895091115588263
0.06840000000000003 , 0.9895391513747538
0.06850000000000003 , 0.9895690632232783
0.06860000000000004 , 0.9895988478252038
0.06870000000000002 , 0.989628505896302
0.06880000000000003 , 0.9896580381473546
0.06890000000000003 , 0.9896874452841948
0.06900000000000003 , 0.9897167280077475
0.06910000000000004 , 0.9897458870140697
0.06920000000000003 , 0.9897749229943924
0.06930000000000003 , 0.989803836635159
0.06940000000000003 , 0.9898326286180646
0.06950000000000003 , 0.9898612996200962
0.06960000000000004 , 0.9898898503135701
0.06970000000000003 , 0.9899182813661718
0.06980000000000003 , 0.9899465934409918
0.06990000000000003 , 0.9899747871965656
0.07000000000000003 , 0.9900028632869091
0.07010000000000004 , 0.9900308223615566
0.07020000000000003 , 0.9900586650655966
0.07030000000000003 , 0.9900863920397085
0.07040000000000003 , 0.9901140039201982
0.07050000000000003 , 0.9901415013390343
0.07060000000000004 , 0.9901688849238819
0.07070000000000003 , 0.990196155298139
0.07080000000000003 , 0.9902233130809697
0.07090000000000003 , 0.9902503588873395
0.07100000000000004 , 0.9902772933280489
0.07110000000000004 , 0.9903041170097661
0.07120000000000003 , 0.9903308305350614
0.07130000000000003 , 0.9903574345024401
0.07140000000000003 , 0.9903839295063741
0.07150000000000004 , 0.9904103161373354
0.07160000000000004 , 0.990436594981827
0.07170000000000003 , 0.9904627666224164
0.07180000000000003 , 0.9904888316377651
0.07190000000000003 , 0.9905147906026607
0.07200000000000004 , 0.9905406440880479
0.07210000000000004 , 0.9905663926610588
0.07220000000000003 , 0.9905920368850436
0.07230000000000003 , 0.9906175773195998
0.07240000000000003 , 0.9906430145206027
0.07250000000000004 , 0.9906683490402347
0.07260000000000004 , 0.9906935814270146
0.07270000000000003 , 0.9907187122258261
0.07280000000000003 , 0.9907437419779467
0.07290000000000003 , 0.9907686712210768
0.07300000000000004 , 0.9907935004893667
0.07310000000000004 , 0.9908182303134452
0.07320000000000003 , 0.9908428612204468
0.07330000000000003 , 0.9908673937340405
0.07340000000000003 , 0.9908918283744543
0.07350000000000004 , 0.990916165658505
0.07360000000000004 , 0.9909404060996224
0.07370000000000003 , 0.9909645502078778
0.07380000000000003 , 0.9909885984900083
0.07390000000000004 , 0.9910125514494442
0.07400000000000004 , 0.9910364095863343
0.07410000000000004 , 0.9910601733975705
0.07420000000000003 , 0.9910838433768143
0.07430000000000003 , 0.9911074200145211
0.07440000000000004 , 0.9911309037979658
0.07450000000000004 , 0.9911542952112655
0.07460000000000003 , 0.9911775947354065
0.07470000000000003 , 0.991200802848266
0.07480000000000003 , 0.9912239200246373
0.07490000000000004 , 0.9912469467362538
0.07500000000000004 , 0.9912698834518116
0.07510000000000003 , 0.991292730636993
0.07520000000000003 , 0.9913154887544902
0.07530000000000003 , 0.9913381582640272
0.07540000000000004 , 0.9913607396223835
0.07550000000000004 , 0.9913832332834157
0.07560000000000003 , 0.9914056396980805
0.07570000000000003 , 0.9914279593144562
0.07580000000000003 , 0.9914501925777647
0.07590000000000004 , 0.9914723399303937
0.07600000000000004 , 0.9914944018119174
0.07610000000000003 , 0.9915163786591185
0.07620000000000003 , 0.9915382709060089
0.07630000000000003 , 0.9915600789838509
0.07640000000000004 , 0.9915818033211775
0.07650000000000004 , 0.991603444343814
0.07660000000000003 , 0.9916250024748968
0.07670000000000003 , 0.9916464781348957
0.07680000000000003 , 0.9916678717416313
0.07690000000000004 , 0.9916891837102978
0.07700000000000004 , 0.9917104144534803
0.07710000000000003 , 0.9917315643811757
0.07720000000000003 , 0.9917526339008109
0.07730000000000004 , 0.9917736234172639
0.07740000000000004 , 0.9917945333328807
0.07750000000000004 , 0.9918153640474953
0.07760000000000003 , 0.9918361159584482
0.07770000000000003 , 0.9918567894606048
0.07780000000000004 , 0.9918773849463741
0.07790000000000004 , 0.9918979028057265
0.07800000000000004 , 0.9919183434262121
0.07810000000000003 , 0.9919387071929787
0.07820000000000003 , 0.991958994488789
0.07830000000000004 , 0.991979205694039
0.07840000000000004 , 0.9919993411867748
0.07850000000000004 , 0.9920194013427102
0.07860000000000003 , 0.9920393865352439
0.07870000000000003 , 0.9920592971354766
0.07880000000000004 , 0.9920791335122269
0.07890000000000004 , 0.9920988960320497
0.07900000000000004 , 0.9921185850592509
0.07910000000000003 , 0.992138200955906
0.07920000000000003 , 0.9921577440818737
0.07930000000000004 , 0.9921772147948151
0.07940000000000004 , 0.9921966134502069
0.07950000000000004 , 0.9922159404013591
0.07960000000000003 , 0.9922351959994302
0.07970000000000003 , 0.9922543805934427
0.07980000000000004 , 0.9922734945302989
0.07990000000000004 , 0.9922925381547957
0.08000000000000004 , 0.9923115118096406
0.08010000000000003 , 0.9923304158354659
0.08020000000000004 , 0.9923492505708447
0.08030000000000004 , 0.9923680163523048
0.08040000000000004 , 0.9923867135143444
0.08050000000000004 , 0.9924053423894453
0.08060000000000003 , 0.9924239033080888
0.08070000000000004 , 0.9924423965987693
0.08080000000000004 , 0.992460822588009
0.08090000000000004 , 0.9924791816003714
0.08100000000000004 , 0.9924974739584759
0.08110000000000003 , 0.992515699983011
0.08120000000000004 , 0.9925338599927489
0.08130000000000004 , 0.992551954304559
0.08140000000000004 , 0.9925699832334205
0.08150000000000003 , 0.9925879470924374
0.08160000000000003 , 0.9926058461928502
0.08170000000000004 , 0.9926236808440503
0.08180000000000004 , 0.9926414513535928
0.08190000000000004 , 0.9926591580272089
0.08200000000000003 , 0.9926768011688202
0.08210000000000003 , 0.9926943810805495
0.08220000000000004 , 0.9927118980627354
0.08230000000000004 , 0.9927293524139437
0.08240000000000004 , 0.9927467444309797
0.08250000000000003 , 0.9927640744089021
0.08260000000000003 , 0.9927813426410337
0.08270000000000004 , 0.992798549418974
0.08280000000000004 , 0.992815695032612
0.08290000000000004 , 0.9928327797701366
0.08300000000000003 , 0.9928498039180506
0.08310000000000003 , 0.9928667677611802
0.08320000000000004 , 0.9928836715826889
0.08330000000000004 , 0.9929005156640873
0.08340000000000004 , 0.9929173002852454
0.08350000000000003 , 0.9929340257244044
0.08360000000000004 , 0.9929506922581868
0.08370000000000004 , 0.992967300161609
0.08380000000000004 , 0.9929838497080914
0.08390000000000004 , 0.9930003411694702
0.08400000000000003 , 0.9930167748160075
0.08410000000000004 , 0.9930331509164032
0.08420000000000004 , 0.9930494697378046
0.08430000000000004 , 0.9930657315458182
0.08440000000000004 , 0.99308193660452
0.08450000000000003 , 0.9930980851764653
0.08460000000000004 , 0.9931141775226999
0.08470000000000004 , 0.9931302139027705
0.08480000000000004 , 0.9931461945747344
0.08490000000000004 , 0.9931621197951707
0.08500000000000003 , 0.9931779898191883
0.08510000000000004 , 0.9931938049004392
0.08520000000000004 , 0.993209565291125
0.08530000000000004 , 0.9932252712420093
0.08540000000000005 , 0.9932409230024267
0.08550000000000003 , 0.9932565208202914
0.08560000000000004 , 0.9932720649421092
0.08570000000000004 , 0.9932875556129843
0.08580000000000004 , 0.9933029930766313
0.08590000000000005 , 0.9933183775753831
0.08600000000000003 , 0.9933337093502006
0.08610000000000004 , 0.9933489886406821
0.08620000000000004 , 0.9933642156850724
0.08630000000000004 , 0.9933793907202718
0.08640000000000005 , 0.9933945139818454
0.08650000000000004 , 0.9934095857040321
0.08660000000000004 , 0.9934246061197534
0.08670000000000004 , 0.9934395754606217
0.08680000000000004 , 0.9934544939569504
0.08690000000000005 , 0.9934693618377612
0.08700000000000004 , 0.9934841793307935
0.08710000000000004 , 0.9934989466625128
0.08720000000000004 , 0.9935136640581194
0.08730000000000004 , 0.9935283317415563
0.08740000000000003 , 0.9935429499355183
0.08750000000000004 , 0.9935575188614596
0.08760000000000004 , 0.9935720387396025
0.08770000000000004 , 0.9935865097889455
0.08780000000000004 , 0.9936009322272714
0.08790000000000003 , 0.9936153062711554
0.08800000000000004 , 0.9936296321359727
0.08810000000000004 , 0.9936439100359068
0.08820000000000004 , 0.9936581401839575
0.08830000000000005 , 0.9936723227919486
0.08840000000000003 , 0.9936864580705356
0.08850000000000004 , 0.9937005462292127
0.08860000000000004 , 0.9937145874763224
0.08870000000000004 , 0.99372858201906
0.08880000000000005 , 0.9937425300634849
0.08890000000000003 , 0.9937564318145244
0.08900000000000004 , 0.9937702874759838
0.08910000000000004 , 0.9937840972505521
0.08920000000000004 , 0.99379786133981
0.08930000000000005 , 0.9938115799442372
0.08940000000000003 , 0.9938252532632195
0.08950000000000004 , 0.9938388814950555
0.08960000000000004 , 0.9938524648369641
0.08970000000000004 , 0.9938660034850917
0.08980000000000005 , 0.9938794976345185
0.08990000000000004 , 0.9938929474792663
0.09000000000000004 , 0.9939063532123041
0.09010000000000004 , 0.9939197150255563
0.09020000000000004 , 0.9939330331099088
0.09030000000000005 , 0.9939463076552155
0.09040000000000004 , 0.9939595388503052
0.09050000000000004 , 0.9939727268829883
0.09060000000000004 , 0.9939858719400636
0.09070000000000004 , 0.9939989742073236
0.09080000000000005 , 0.9940120338695628
0.09090000000000004 , 0.9940250511105825
0.09100000000000004 , 0.9940380261131982
0.09110000000000004 , 0.9940509590592453
0.09120000000000004 , 0.9940638501295854
0.09130000000000005 , 0.9940766995041133
0.09140000000000004 , 0.9940895073617622
0.09150000000000004 , 0.9941022738805103
0.09160000000000004 , 0.9941149992373867
0.09170000000000005 , 0.9941276836084777
0.09180000000000005 , 0.994140327168933
0.09190000000000004 , 0.9941529300929705
0.09200000000000004 , 0.9941654925538836
0.09210000000000004 , 0.9941780147240463
0.09220000000000005 , 0.9941904967749197
0.09230000000000005 , 0.9942029388770561
0.09240000000000004 , 0.9942153412001073
0.09250000000000004 , 0.994227703912828
0.09260000000000004 , 0.9942400271830827
0.09270000000000005 , 0.9942523111778508
0.09280000000000005 , 0.9942645560632327
0.09290000000000004 , 0.9942767620044546
0.09300000000000004 , 0.9942889291658745
0.09310000000000004 , 0.9943010577109876
0.09320000000000005 , 0.9943131478024317
0.09330000000000005 , 0.9943251996019922
0.09340000000000004 , 0.9943372132706078
0.09350000000000004 , 0.9943491889683761
0.09360000000000004 , 0.9943611268545577
0.09370000000000005 , 0.9943730270875831
0.09380000000000005 , 0.9943848898250568
0.09390000000000004 , 0.9943967152237616
0.09400000000000004 , 0.9944085034396661
0.09410000000000004 , 0.9944202546279277
0.09420000000000005 , 0.994431968942898
0.09430000000000004 , 0.9944436465381287
0.09440000000000004 , 0.9944552875663759
0.09450000000000004 , 0.9944668921796046
0.09460000000000005 , 0.9944784605289948
0.09470000000000005 , 0.9944899927649449
0.09480000000000004 , 0.9945014890370775
0.09490000000000004 , 0.9945129494942442
0.09500000000000004 , 0.9945243742845299
0.09510000000000005 , 0.9945357635552576
0.09520000000000005 , 0.9945471174529931
0.09530000000000004 , 0.9945584361235498
0.09540000000000004 , 0.9945697197119935
0.09550000000000004 , 0.9945809683626462
0.09560000000000005 , 0.9945921822190917
0.09570000000000005 , 0.9946033614241792
0.09580000000000004 , 0.9946145061200283
0.09590000000000004 , 0.994625616448033
0.09600000000000004 , 0.9946366925488672
0.09610000000000005 , 0.9946477345624878
0.09620000000000005 , 0.9946587426281389
0.09630000000000004 , 0.9946697168843585
0.09640000000000004 , 0.9946806574689796
0.09650000000000004 , 0.9946915645191367
0.09660000000000005 , 0.994702438171269
0.09670000000000005 , 0.9947132785611253
0.09680000000000004 , 0.9947240858237675
0.09690000000000004 , 0.9947348600935747
0.09700000000000004 , 0.9947456015042485
0.09710000000000005 , 0.9947563101888158
0.09720000000000005 , 0.9947669862796333
0.09730000000000004 , 0.9947776299083916
0.09740000000000004 , 0.9947882412061191
0.09750000000000004 , 0.9947988203031862
0.09760000000000005 , 0.9948093673293088
0.09770000000000005 , 0.9948198824135528
0.09780000000000004 , 0.9948303656843374
0.09790000000000004 , 0.9948408172694397
0.09800000000000005 , 0.9948512372959979
0.09810000000000005 , 0.994861625890515
0.09820000000000005 , 0.9948719831788632
0.09830000000000004 , 0.9948823092862875
0.09840000000000004 , 0.994892604337409
0.09850000000000005 , 0.9949028684562294
0.09860000000000005 , 0.9949131017661335
0.09870000000000005 , 0.9949233043898943
0.09880000000000004 , 0.994933476449675
0.09890000000000004 , 0.9949436180670345
0.09900000000000005 , 0.9949537293629293
0.09910000000000005 , 0.9949638104577181
0.09920000000000005 , 0.9949738614711645
0.09930000000000004 , 0.9949838825224415
0.09940000000000004 , 0.9949938737301344
0.09950000000000005 , 0.995003835212244
0.09960000000000005 , 0.9950137670861906
0.09970000000000005 , 0.9950236694688172
0.09980000000000004 , 0.995033542476393
0.09990000000000004 , 0.9950433862246161